{"cameraMode":{"drawMode":0,"name":"Shaded","section":"Shading Mode"},"sceneLighting":true,"audioPlay":false,"sceneViewState":{"showFog":true,"showMaterialUpdate":true,"showSkybox":true,"showFlares":true,"showImageEffects":true,"showParticleSystems":true},"in2DMode":false,"pivot":{"x":0.8815321922302246,"y":0.19864702224731446,"z":-0.858367919921875},"rotation":{"x":-0.06276298314332962,"y":0.8340038657188416,"z":-0.09701979160308838,"w":-0.5395243167877197},"size":2.8828649520874025,"orthographic":false}